<?xml version="1.0" encoding="utf-8"?>
<eml:eml xmlns:eml="eml://ecoinformatics.org/eml-2.1.1" xmlns:xsi="http://www.w3.org/2001/XMLSchema-instance"
         xsi:schemaLocation="eml://ecoinformatics.org/eml-2.1.1 http://rs.gbif.org/schema/eml-gbif-profile/1.2/eml.xsd"
packageId="10.15468/dl.a726sj"  system="http://gbif.org" scope="system"
xml:lang="en">

    <dataset>
                <alternateIdentifier>0064147-240626123714530</alternateIdentifier>
        <title>GBIF Occurrence Download 10.15468/dl.a726sj</title>
            <creator>
            <individualName>
                    <surName>GBIF Download Service</surName>
            </individualName>
<electronicMailAddress>support@gbif.org</electronicMailAddress>            </creator>
            <metadataProvider>
            <individualName>
                    <surName>GBIF Download Service</surName>
            </individualName>
<electronicMailAddress>support@gbif.org</electronicMailAddress>            </metadataProvider>
            <pubDate>
                2024-08-13
            </pubDate>
        <language>ENGLISH</language>
            <abstract>
                    <para>A dataset containing all occurrences available in GBIF matching the query:
{
  &quot;and&quot; : [
    &quot;Year is one of (2019, 2020, 2021, 2022, 2023, 2024)&quot;,
    &quot;Geometry POLYGON ((-3.065186 51.33576, -3.043213 51.284253, -2.584534 51.218927, -2.246704 51.299711, -2.183533 51.551459, -2.58728 51.633362, -2.842712 51.486514, -3.065186 51.33576))&quot;,
    &quot;TaxonKey is one of (Myolepta potens (Harris, 1780), Apus apus (Linnaeus, 1758), Passer domesticus (Linnaeus, 1758), Boloria selene (Denis &amp; Schiffermüller), 1775, Boletus satanas Lenz, Lepiota xanthophylla P.D.Orton, Erinaceus europaeus Linnaeus, 1758, Rhinolophus hipposideros (Bechstein, 1800), Idaea dilutaria (Hübner), Ornithogalum pyrenaicum L., Arabis scabra All., Vipera berus (Linnaeus, 1758), Cygnus columbianus (Ord, 1815), Calidris alpina (Linnaeus, 1758), Eucera longicornis (Linnaeus, 1758), Delichon urbicum (Linnaeus, 1758), Euphydryas aurinia (Rottemburg, 1775), Polyommatus coridon (Poda, 1761), Libellula fulva Müller, 1764, Entoloma bloxamii (Berk. &amp; Broome) Sacc., Hygrocybe spadicea (Scop.) P.Karst., Hygrocybe ovina (Bull.) Kühner, Amanita echinocephala (Vittad.) Quél., Hericium cirrhatum (Pers.) Nikol., Arvicola amphibius (Linnaeus, 1758), Muscardinus avellanarius (Linnaeus, 1758), Allium sphaerocephalon L., Trinia glauca (L.) Dumort., Sorbus eminens E.F.Warb., Sorbus domestica L., Vanellus vanellus (Linnaeus, 1758), Anser albifrons (Scopoli, 1769), Anas strepera Linnaeus, 1758, Tadorna tadorna (Linnaeus, 1758), Lampyris noctiluca (Linnaeus, 1758), Hirundo rustica Linnaeus, 1758, Cupido minimus Füssly, 1775, Hipparchia semele Linnaeus, 1758, Austropotamobius pallipes (Lereboullet, 1858), Anguilla anguilla (Linnaeus, 1758), Salmo salar Linnaeus, 1758, Microglossum olivaceum (Pers.) Gillet, Castor fiber Linnaeus, 1758, Rhinolophus ferrumequinum (Schreber, 1774), Myotis bechsteinii (Kuhl, 1817), Barbastella barbastellus (Schreber, 1774), Celypha woodiana (Barrett, 1882), Sorbus wilmottiana E.F.Warb., Sorbus bristoliensis Wilmott, Tringa totanus (Linnaeus, 1758), Anas clypeata Linnaeus, 1758)&quot;
  ]
}
The dataset includes records from the following constituent datasets. The full metadata for each constituent is also included in this archive:
2 records from Macro-moth distribution records for the UK from Butterfly Conservation, up to 2019
38748 records from BRERC Notable Species records within the last 10 years
9 records from Protected and Invasive Species Records Collected Through Environment Agency Survey 1995 - 2021
1 records from naturgucker
2059 records from 1921-Onwards, Swift Screaming Parties, UK
104 records from 2015 Onwards, Swift Nest Boxes, UK
53 records from Roost Count
387 records from National Dormouse Database (NDD)
2911 records from Big Hedgehog Map records
57 records from SEWBReC Birds (South East Wales)
39 records from 1989 Onwards, Previously Occupied Swift Nests, UK 
33 records from National Mammal Atlas Project, online recording
4 records from Freshwater fish records via iRecord - additional species
743 records from 1921 Onward, Occupied Swift Nests, UK
101 records from Record Pool
2 records from National Water Vole Monitoring Programme (NWVMP)
17 records from NBMP Sunset-Sunrise Survey
400 records from UK Butterfly Monitoring Scheme (UKBMS)
25501 records from EOD – eBird Observation Dataset
14 records from SEWBReC Mammals (South East Wales)
3 records from Xeno-canto - Bird sounds from around the world
111 records from UK Roadkill Records
42 records from Dragonfly records from the British Dragonfly Society Recording Scheme
1 records from Pl@ntNet observations
42 records from Hibernation Survey
50 records from Records of amphibians and reptiles via iRecord
56 records from Observation.org, Nature data from around the World
209 records from Soldier Beetles and Allies Recording Scheme - data verified via iRecord
19 records from Vascular plant records verified via iRecord
1 records from Pl@ntNet automatically identified occurrences
2 records from National Plant Monitoring Scheme - England, Scotland, Wales
1 records from Wider Countryside Butterfly Scheme (WCBS)
871 records from Birda - Global Observation Dataset
5 records from MammalWeb records
1 records from Mammal records for Europe via the iMammalia app
708 records from iNaturalist Research-grade Observations
215 records from Living with Mammals survey
4 records from Mammal Mapper App Sighting Records</para>
            </abstract>
            <contact>
            <individualName>
                    <surName>GBIF Download Service</surName>
            </individualName>
<electronicMailAddress>support@gbif.org</electronicMailAddress>            </contact>

    </dataset>

    <additionalMetadata>
        <metadata>
            <gbif>
                <dateStamp>2024-08-13T12:45:07Z</dateStamp>
                <citation identifier="10.15468/dl.a726sj">GBIF Occurrence Download 10.15468/dl.a726sj</citation>
                    <physical>
                        <objectName>Darwin Core Archive</objectName>
                        <characterEncoding>UTF-8</characterEncoding>
                        <dataFormat>
                            <externallyDefinedFormat>
                                <formatName>Darwin Core Archive</formatName>
                            </externallyDefinedFormat>
                        </dataFormat>
                        <distribution>
                            <online>
                                <url function="download">https://api.gbif.org/v1/occurrence/download/request/0064147-240626123714530.zip</url>
                            </online>
                        </distribution>
                    </physical>
            </gbif>
        </metadata>
    </additionalMetadata>

</eml:eml>
