<?xml version="1.0" encoding="utf-8"?>
<eml:eml xmlns:eml="eml://ecoinformatics.org/eml-2.1.1" xmlns:xsi="http://www.w3.org/2001/XMLSchema-instance"
         xsi:schemaLocation="eml://ecoinformatics.org/eml-2.1.1 http://rs.gbif.org/schema/eml-gbif-profile/1.2/eml.xsd"
packageId="583be0a0-006e-47af-82c2-d6e7d44b78c4"  system="http://gbif.org" scope="system"
xml:lang="en">

    <dataset>
            <alternateIdentifier>10.15468/vqyv5y</alternateIdentifier>
                <alternateIdentifier>583be0a0-006e-47af-82c2-d6e7d44b78c4</alternateIdentifier>
                <alternateIdentifier>https://registry.nbnatlas.org/public/show/dr2769</alternateIdentifier>
                <alternateIdentifier>a0ceffc3-96a3-3759-9e68-05632a34565b</alternateIdentifier>
        <title>Records of amphibians and reptiles via iRecord</title>
            <creator>
<organizationName>Amphibian and Reptile Conservation</organizationName>            <address>
<deliveryPoint>744 Christchurch Road, Boscombe,</deliveryPoint><city>Bournemouth,</city><administrativeArea>Dorset</administrativeArea><postalCode>BH7 6BZ</postalCode>            </address>
<phone>01202 391319</phone><electronicMailAddress>enquiries@arc-trust.org</electronicMailAddress><onlineUrl>http://www.arc-trust.org/</onlineUrl>            </creator>
            <metadataProvider>
<organizationName>Amphibian and Reptile Conservation</organizationName>            <address>
<deliveryPoint>744 Christchurch Road, Boscombe,</deliveryPoint><city>Bournemouth,</city><administrativeArea>Dorset</administrativeArea><postalCode>BH7 6BZ</postalCode>            </address>
<phone>01202 391319</phone><electronicMailAddress>enquiries@arc-trust.org</electronicMailAddress><onlineUrl>http://www.arc-trust.org/</onlineUrl>            </metadataProvider>
            <associatedParty>
<organizationName>NBN Atlas</organizationName>            <address>
<deliveryPoint>27 Old Gloucester St, Holborn</deliveryPoint><city>London</city><administrativeArea>London</administrativeArea><postalCode>WC1N 3AX</postalCode><country>UNITED_KINGDOM</country>            </address>
<electronicMailAddress>admin@nbnatlas.org</electronicMailAddress>            <role>DISTRIBUTOR</role>
            </associatedParty>
            <pubDate>
                2024-06-12
            </pubDate>
        <language>ENGLISH</language>
            <abstract>
                    <para>This dataset contains species records for amphibans and reptiles that are shared via iRecord. It includes both verified and unverified records, and this needs to be taken into account in any use of this data. Record sources are all those that that make data available via the iRecord verification process, including iRecord itself, iNaturalistUK, BirdTrack, and a wide range of other linked sources.</para>
            </abstract>
            <intellectualRights>
                    <para>This work is licensed under a <ulink url="http://creativecommons.org/licenses/by/4.0/legalcode"><citetitle>Creative Commons Attribution (CC-BY) 4.0 License</citetitle></ulink>.</para>
            </intellectualRights>
            <distribution scope="document">
                <online>
                    <url function="information">https://registry.nbnatlas.org/public/show/dr2769</url>
                </online>
            </distribution>
            <purpose>
                <para>Records are collated in order to add to knowledge of this group of species, and to make them available for potential uses including analysis of distribution, population trends, autecology and phenology. In addition, ARC and ARG UK may use these records in their work to raise the profile of the species group and its conservation. Sharing the data via the NBN Atlas helps achieve these aims.</para>
            </purpose>
            <contact>
            <individualName>
<givenName>Rob</givenName>                    <surName>Ward</surName>
            </individualName>
<electronicMailAddress>data.officer@arc-trust.org</electronicMailAddress>            </contact>
            <methods>
                    <methodStep>
                        <description>
                            <para>The dataset includes ad hoc records from volunteer recorders, as well as data from professional surveys and from citizen science projects such as bioblitzes. Some records may state that a particular methodology has been used to generate them. In general the data consists of presence-only records collected using a variety of recording methods.</para>
                        </description>
                    </methodStep>
                    <qualityControl>
                        <description>
                            <para>This dataset includes both verified and unverified records. Verification is carried out by expert volunteers who may be associated with their local Amphibian and Reptile Group as part of ARG UK, or with Amphibian and Reptile Conservation (ARC), or with a local natural history society or other relevant organisation. Where verification is available, the aim is to ensure that any record that is unusual (due to time of year, location, or species identified) is queried, and only accepted if supporting evidence (photo, specimen, confirmation from additional recorders) is provided. The iRecord system uses NBN record cleaner rules to highlight potentially unusual records as part of this process. While we cannot guarantee that all records which pass the verification checks are correct, we believe that a high degree of confidence can be placed in the verified records. Unverified records need to be viewed with appropriate caution.</para>
                        </description>
                    </qualityControl>
            </methods>

    </dataset>

    <additionalMetadata>
        <metadata>
            <gbif>
                <dateStamp>2024-08-13T12:44:48Z</dateStamp>
                <citation>Amphibian and Reptile Conservation (2024). Records of amphibians and reptiles via iRecord. Occurrence dataset https://doi.org/10.15468/vqyv5y accessed via GBIF.org on 2024-08-13.</citation>
                    <resourceLogoUrl>https://registry.nbnatlas.org/data/dataProvider/ARCsmaller.jpg</resourceLogoUrl>
            </gbif>
        </metadata>
    </additionalMetadata>

</eml:eml>
