<?xml version="1.0" encoding="utf-8"?>
<eml:eml xmlns:eml="eml://ecoinformatics.org/eml-2.1.1" xmlns:xsi="http://www.w3.org/2001/XMLSchema-instance"
         xsi:schemaLocation="eml://ecoinformatics.org/eml-2.1.1 http://rs.gbif.org/schema/eml-gbif-profile/1.2/eml.xsd"
packageId="67e2335c-4303-4ee3-9bfe-ecfe65662629"  system="http://gbif.org" scope="system"
xml:lang="en">

    <dataset>
            <alternateIdentifier>10.15468/i2eosa</alternateIdentifier>
                <alternateIdentifier>67e2335c-4303-4ee3-9bfe-ecfe65662629</alternateIdentifier>
                <alternateIdentifier>https://registry.nbnatlas.org/public/show/dr671</alternateIdentifier>
                <alternateIdentifier>e3010c6d-bb9f-346a-8a51-a5b6fb2d2d49</alternateIdentifier>
                <alternateIdentifier>14754</alternateIdentifier>
        <title>National Mammal Atlas Project, online recording</title>
            <creator>
<organizationName>Mammal Society</organizationName>            <address>
<deliveryPoint>Black Horse Cottage, 33 Milton Abbas</deliveryPoint><city>Blandford Forum</city><administrativeArea>Dorset</administrativeArea><postalCode>DT11 0BL</postalCode><country>UNITED_KINGDOM</country>            </address>
<phone>02380 010981</phone><electronicMailAddress>atlas@themammalsociety.org</electronicMailAddress><onlineUrl>http://www.mammal.org.uk/</onlineUrl>            </creator>
            <metadataProvider>
<organizationName>Mammal Society</organizationName>            <address>
<deliveryPoint>Black Horse Cottage, 33 Milton Abbas</deliveryPoint><city>Blandford Forum</city><administrativeArea>Dorset</administrativeArea><postalCode>DT11 0BL</postalCode><country>UNITED_KINGDOM</country>            </address>
<phone>02380 010981</phone><electronicMailAddress>atlas@themammalsociety.org</electronicMailAddress><onlineUrl>http://www.mammal.org.uk/</onlineUrl>            </metadataProvider>
            <associatedParty>
<organizationName>NBN Atlas</organizationName>            <address>
<deliveryPoint>27 Old Gloucester St, Holborn</deliveryPoint><city>London</city><administrativeArea>London</administrativeArea><postalCode>WC1N 3AX</postalCode><country>UNITED_KINGDOM</country>            </address>
<electronicMailAddress>admin@nbnatlas.org</electronicMailAddress>            <role>DISTRIBUTOR</role>
            </associatedParty>
            <pubDate>
                2024-06-12
            </pubDate>
        <language>ENGLISH</language>
            <abstract>
                    <para>Public sightings of mammals in Britain, submitted via an online recording form.</para>
            </abstract>
            <intellectualRights>
                    <para>This work is licensed under a <ulink url="http://creativecommons.org/licenses/by-nc/4.0/legalcode"><citetitle>Creative Commons Attribution Non Commercial (CC-BY-NC) 4.0 License</citetitle></ulink>.</para>
            </intellectualRights>
            <distribution scope="document">
                <online>
                    <url function="information">https://registry.nbnatlas.org/public/show/dr671</url>
                </online>
            </distribution>
            <purpose>
                <para>Mammals in Britain are critically under-recorded. To address this, The Mammal Society is compiling a National Mammal Atlas, the first for over 20 years, which will provide a detailed, up-to-date picture of mammal distribution and abundance across the British Isles. Records will build the atlas and provide vital information about mammals over the last 15 years, to help us make informed conservation decisions for mammals.</para>
            </purpose>
            <contact>
            <individualName>
<givenName>Derek</givenName>                    <surName>Crawley</surName>
            </individualName>
<electronicMailAddress>atlas@themammalsociety.org</electronicMailAddress>            </contact>
            <methods>
                    <methodStep>
                        <description>
                            <para>Data is collected through an Indicia online recording form http://www.brc.ac.uk/mammals/recording.php, via iRecord http://www.irecord.org.uk/home) and the Mammal Tracker Smartphone App http://www.mammal.org.uk/mammal_tracker). Data is stored in the Indicia data warehouse, hosted by the Biological Records Centre. Data is verified by experienced mammal experts using the iRecord system.</para>
                        </description>
                    </methodStep>
                    <qualityControl>
                        <description>
                            <para>Data quality is high, records are validated based on recorder credentials and expert review by mammal experts. Geolocation accuracy is likely to be high use functionality available via the online recording form. Many records also have a photograph attached to aid verification.</para>
                        </description>
                    </qualityControl>
            </methods>

    </dataset>

    <additionalMetadata>
        <metadata>
            <gbif>
                <dateStamp>2024-08-13T12:44:39Z</dateStamp>
                <citation>The Mammal Society (2024). National Mammal Atlas Project, online recording. Occurrence dataset https://doi.org/10.15468/i2eosa accessed via GBIF.org on 2024-08-13.</citation>
                    <resourceLogoUrl>https://registry.nbnatlas.org/data/dataProvider/MSlogo_colour_L.png</resourceLogoUrl>
            </gbif>
        </metadata>
    </additionalMetadata>

</eml:eml>
