<?xml version="1.0" encoding="utf-8"?>
<eml:eml xmlns:eml="eml://ecoinformatics.org/eml-2.1.1" xmlns:xsi="http://www.w3.org/2001/XMLSchema-instance"
         xsi:schemaLocation="eml://ecoinformatics.org/eml-2.1.1 http://rs.gbif.org/schema/eml-gbif-profile/1.2/eml.xsd"
packageId="6c2e805f-5c57-4d13-b885-90ac70375078"  system="http://gbif.org" scope="system"
xml:lang="en">

    <dataset>
            <alternateIdentifier>10.15468/pyjbo9</alternateIdentifier>
                <alternateIdentifier>6c2e805f-5c57-4d13-b885-90ac70375078</alternateIdentifier>
                <alternateIdentifier>https://registry.nbnatlas.org/public/show/dr1915</alternateIdentifier>
                <alternateIdentifier>9c20b4b2-37c5-3cd3-bbdc-4a169a13219b</alternateIdentifier>
        <title>Freshwater fish records via iRecord - additional species</title>
            <creator>
<organizationName>Freshwater Fish Recording Scheme</organizationName>            <address>
<deliveryPoint>c/o Biological Records Centre, CEH Wallingford</deliveryPoint><city>Oxfordshire</city><postalCode>OX10 8BB</postalCode>            </address>
<onlineUrl>https://www.brc.ac.uk/scheme/freshwater-fish-recording-scheme</onlineUrl>            </creator>
            <metadataProvider>
<organizationName>Freshwater Fish Recording Scheme</organizationName>            <address>
<deliveryPoint>c/o Biological Records Centre, CEH Wallingford</deliveryPoint><city>Oxfordshire</city><postalCode>OX10 8BB</postalCode>            </address>
<onlineUrl>https://www.brc.ac.uk/scheme/freshwater-fish-recording-scheme</onlineUrl>            </metadataProvider>
            <associatedParty>
<organizationName>NBN Atlas</organizationName>            <address>
<deliveryPoint>27 Old Gloucester St, Holborn</deliveryPoint><city>London</city><administrativeArea>London</administrativeArea><postalCode>WC1N 3AX</postalCode><country>UNITED_KINGDOM</country>            </address>
<electronicMailAddress>admin@nbnatlas.org</electronicMailAddress>            <role>DISTRIBUTOR</role>
            </associatedParty>
            <pubDate>
                2024-06-12
            </pubDate>
        <language>ENGLISH</language>
            <abstract>
                    <para>Species records for freshwater fish from datasets made available via iRecord and verified by the Freshwater Fish Recording Scheme. This dataset supplements the main iRecord dataset (dr1851) and includes species in genera Anguilla, Lampetra and Petromyzon (for technical reasons those genera are not included in the main dataset). Records are from datasets stored within the Indicia data warehouse hosted by the Biological Records Centre - these records may originate from direct addition of records to iRecord, or via other datasets that have been added to other Indicia-hosted surveys.</para>
            </abstract>
            <intellectualRights>
                    <para>This work is licensed under a <ulink url="http://creativecommons.org/licenses/by/4.0/legalcode"><citetitle>Creative Commons Attribution (CC-BY) 4.0 License</citetitle></ulink>.</para>
            </intellectualRights>
            <distribution scope="document">
                <online>
                    <url function="information">https://registry.nbnatlas.org/public/show/dr1915</url>
                </online>
            </distribution>
            <purpose>
                <para>Records are collated in order to add to knowledge of this group of species, including distribution, population trends, autecology and phenology. Sharing the data via NBN helps achieve these aims.</para>
            </purpose>
            <contact>
            <individualName>
<givenName>Ian</givenName>                    <surName>Winfield</surName>
            </individualName>
<electronicMailAddress>ianjwinfield@icloud.com</electronicMailAddress>            </contact>
            <methods>
                    <methodStep>
                        <description>
                            <para>This dataset includes all records of the relevant taxa that have been made available for verification via iRecord. Most of these are ad hoc records from volunteer recorders, but will also include some data from professional surveys and from citizen science projects such as bioblitzes.</para>
                        </description>
                    </methodStep>
                    <qualityControl>
                        <description>
                            <para>The recording scheme applies checks for outlying records (based on species, location and date). The route by which data arrives for verification in iRecord can vary, and comes from recorders with a wide range of experience, but the same verification process is applied to all data and the scheme believes that the dataset provided to NBN is of high quality.</para>
                        </description>
                    </qualityControl>
            </methods>

    </dataset>

    <additionalMetadata>
        <metadata>
            <gbif>
                <dateStamp>2024-08-13T12:44:40Z</dateStamp>
                <citation>Freshwater Fish Recording Scheme (2024). Freshwater fish records via iRecord - additional species. Occurrence dataset https://doi.org/10.15468/pyjbo9 accessed via GBIF.org on 2024-08-13.</citation>
            </gbif>
        </metadata>
    </additionalMetadata>

</eml:eml>
