<?xml version="1.0" encoding="utf-8"?>
<eml:eml xmlns:eml="eml://ecoinformatics.org/eml-2.1.1" xmlns:xsi="http://www.w3.org/2001/XMLSchema-instance"
         xsi:schemaLocation="eml://ecoinformatics.org/eml-2.1.1 http://rs.gbif.org/schema/eml-gbif-profile/1.2/eml.xsd"
packageId="97f3592b-08ab-4adb-85df-1fb3bee7e2d3"  system="http://gbif.org" scope="system"
xml:lang="en">

    <dataset>
            <alternateIdentifier>10.15468/7ms3bt</alternateIdentifier>
                <alternateIdentifier>97f3592b-08ab-4adb-85df-1fb3bee7e2d3</alternateIdentifier>
                <alternateIdentifier>https://registry.nbnatlas.org/public/show/dr2421</alternateIdentifier>
                <alternateIdentifier>17bae757-4097-3f1b-afa1-1534179cdb28</alternateIdentifier>
        <title>Soldier Beetles and Allies Recording Scheme - data verified via iRecord</title>
            <creator>
<organizationName>Soldier Beetles and Allies Recording Scheme</organizationName>            <address>
<deliveryPoint>c/o Biological Records Centre, CEH Wallingford,</deliveryPoint><city>Wallingford</city><administrativeArea>Oxfordshire</administrativeArea><postalCode>OX10 8BB</postalCode><country>UNITED_KINGDOM</country>            </address>
<onlineUrl>https://www.coleoptera.org.uk/buprestidae/home</onlineUrl>            </creator>
            <metadataProvider>
<organizationName>Soldier Beetles and Allies Recording Scheme</organizationName>            <address>
<deliveryPoint>c/o Biological Records Centre, CEH Wallingford,</deliveryPoint><city>Wallingford</city><administrativeArea>Oxfordshire</administrativeArea><postalCode>OX10 8BB</postalCode><country>UNITED_KINGDOM</country>            </address>
<onlineUrl>https://www.coleoptera.org.uk/buprestidae/home</onlineUrl>            </metadataProvider>
            <associatedParty>
<organizationName>NBN Atlas</organizationName>            <address>
<deliveryPoint>27 Old Gloucester St, Holborn</deliveryPoint><city>London</city><administrativeArea>London</administrativeArea><postalCode>WC1N 3AX</postalCode><country>UNITED_KINGDOM</country>            </address>
<electronicMailAddress>admin@nbnatlas.org</electronicMailAddress>            <role>DISTRIBUTOR</role>
            </associatedParty>
            <pubDate>
                2024-06-12
            </pubDate>
        <language>ENGLISH</language>
            <abstract>
                    <para>This dataset contains records for the families: Cantharidae, Lampyridae, Lycidae and Drilidae. Records are from datasets made available via the iRecord verification process - these records may originate from direct addition of records to iRecord, or via other datasets that have been added to iRecord for verification purposes.</para>
            </abstract>
            <intellectualRights>
                    <para>This work is licensed under a <ulink url="http://creativecommons.org/licenses/by/4.0/legalcode"><citetitle>Creative Commons Attribution (CC-BY) 4.0 License</citetitle></ulink>.</para>
            </intellectualRights>
            <distribution scope="document">
                <online>
                    <url function="information">https://registry.nbnatlas.org/public/show/dr2421</url>
                </online>
            </distribution>
            <purpose>
                <para>Records are collated in order to add to knowledge of this group of insects, including distribution, population trends, autecology and phenology. In addition, the scheme works with all contributing recorders to raise the profile of the species group and its conservation. Sharing the data via NBN helps achieve these aims.</para>
            </purpose>
            <contact>
<electronicMailAddress>uksoldierbeetles@gmail.com</electronicMailAddress>            </contact>
            <methods>
                    <methodStep>
                        <description>
                            <para>This dataset includes all UK records of Cantharidae, Lampyridae, Lycidae and Drilidae that have been submitted to iRecord and subsequently checked by experienced verifiers. Most of these are ad hoc records from volunteer recorders, but the dataset may also include records from professional surveys and from citizen science projects such as bioblitzes.</para>
                        </description>
                    </methodStep>
                    <qualityControl>
                        <description>
                            <para>Records are subject to automatic checks following NBN record cleaner rules. In addition, the scheme operates further checks for outlying records, making decisions based on species, location, date, photographs and any additional information supplied. The same verification process is applied to all data. The scheme believes that the dataset provided to NBN is of high quality.</para>
                        </description>
                    </qualityControl>
            </methods>

    </dataset>

    <additionalMetadata>
        <metadata>
            <gbif>
                <dateStamp>2024-08-13T12:44:50Z</dateStamp>
                <citation>Soldier Beetles and Allies Recording Scheme (2024). Soldier Beetles and Allies Recording Scheme - data verified via iRecord. Occurrence dataset https://doi.org/10.15468/7ms3bt accessed via GBIF.org on 2024-08-13.</citation>
                    <resourceLogoUrl>https://registry.nbnatlas.org/data/dataProvider/Soldier_beetle_RS_logo.png</resourceLogoUrl>
            </gbif>
        </metadata>
    </additionalMetadata>

</eml:eml>
