<?xml version="1.0" encoding="utf-8"?>
<eml:eml xmlns:eml="eml://ecoinformatics.org/eml-2.1.1" xmlns:xsi="http://www.w3.org/2001/XMLSchema-instance"
         xsi:schemaLocation="eml://ecoinformatics.org/eml-2.1.1 http://rs.gbif.org/schema/eml-gbif-profile/1.2/eml.xsd"
packageId="9a6bdcc9-e017-44ea-9cf9-ff6a87fdb8c2"  system="http://gbif.org" scope="system"
xml:lang="en">

    <dataset>
            <alternateIdentifier>10.15468/jz6s6t</alternateIdentifier>
                <alternateIdentifier>9a6bdcc9-e017-44ea-9cf9-ff6a87fdb8c2</alternateIdentifier>
                <alternateIdentifier>https://registry.nbnatlas.org/public/show/dr1485</alternateIdentifier>
                <alternateIdentifier>b83a264b-88f8-3523-a177-ac27c403fc7e</alternateIdentifier>
        <title>National Plant Monitoring Scheme - England, Scotland, Wales</title>
            <creator>
<organizationName>National Plant Monitoring Scheme</organizationName>            <address>
<deliveryPoint>c/o CEH Wallingford, Benson Lane, Crowmarsh Gifford,</deliveryPoint><city>Wallingford</city><administrativeArea>Oxfordshire</administrativeArea><postalCode>OX10 8BB</postalCode><country>UNITED_KINGDOM</country>            </address>
<onlineUrl>http://www.npms.org.uk/</onlineUrl>            </creator>
            <metadataProvider>
<organizationName>National Plant Monitoring Scheme</organizationName>            <address>
<deliveryPoint>c/o CEH Wallingford, Benson Lane, Crowmarsh Gifford,</deliveryPoint><city>Wallingford</city><administrativeArea>Oxfordshire</administrativeArea><postalCode>OX10 8BB</postalCode><country>UNITED_KINGDOM</country>            </address>
<onlineUrl>http://www.npms.org.uk/</onlineUrl>            </metadataProvider>
            <associatedParty>
<organizationName>NBN Atlas</organizationName>            <address>
<deliveryPoint>27 Old Gloucester St, Holborn</deliveryPoint><city>London</city><administrativeArea>London</administrativeArea><postalCode>WC1N 3AX</postalCode><country>UNITED_KINGDOM</country>            </address>
<electronicMailAddress>admin@nbnatlas.org</electronicMailAddress>            <role>DISTRIBUTOR</role>
            </associatedParty>
            <pubDate>
                2024-06-12
            </pubDate>
        <language>ENGLISH</language>
            <abstract>
                    <para>The National Plant Monitoring Scheme (NPMS) is a habitat-based plant monitoring scheme designed by BSBI, CEH, Plantlife and JNCC. The aim is to collect data to provide an annual indication of changes in plant abundance and diversity. This dataset includes NPMS species occurrence data for England, Wales, Scotland; a companion but separate dataset is supplied for Northern Ireland.
See http://www.npms.org.uk for more information.</para>
            </abstract>
            <intellectualRights>
                    <para>This work is licensed under a <ulink url="http://creativecommons.org/licenses/by/4.0/legalcode"><citetitle>Creative Commons Attribution (CC-BY) 4.0 License</citetitle></ulink>.</para>
            </intellectualRights>
            <distribution scope="document">
                <online>
                    <url function="information">https://registry.nbnatlas.org/public/show/dr1485</url>
                </online>
            </distribution>
            <purpose>
                <para>The aim of the NPMS is to collect data to provide an annual indication of changes in plant abundance and diversity.</para>
            </purpose>
            <contact>
            <individualName>
<givenName>Oliver</givenName>                    <surName>Pescott</surName>
            </individualName>
<electronicMailAddress>olipes@ceh.ac.uk</electronicMailAddress>            </contact>
            <methods>
                    <methodStep>
                        <description>
                            <para>For a full description of the methods used in the NPMS, see the NPMS website (http://www.npms.org.uk) and the technical documents and papers linked therein.</para>
                        </description>
                    </methodStep>
                    <qualityControl>
                        <description>
                            <para>Records are available for verification by regional experts through the iRecord system (records may or may not have supporting photographs). The current verification status of each record is propagated to the Atlas, and updated accordingly.</para>
                        </description>
                    </qualityControl>
            </methods>

    </dataset>

    <additionalMetadata>
        <metadata>
            <gbif>
                <dateStamp>2024-08-13T12:44:51Z</dateStamp>
                <citation>National Plant Monitoring Scheme (2024). National Plant Monitoring Scheme - England, Scotland, Wales. Occurrence dataset https://doi.org/10.15468/jz6s6t accessed via GBIF.org on 2024-08-13.</citation>
                    <resourceLogoUrl>https://registry.nbnatlas.org/data/dataProvider/NPMS.png</resourceLogoUrl>
            </gbif>
        </metadata>
    </additionalMetadata>

</eml:eml>
