<?xml version="1.0" encoding="utf-8"?>
<eml:eml xmlns:eml="eml://ecoinformatics.org/eml-2.1.1" xmlns:xsi="http://www.w3.org/2001/XMLSchema-instance"
         xsi:schemaLocation="eml://ecoinformatics.org/eml-2.1.1 http://rs.gbif.org/schema/eml-gbif-profile/1.2/eml.xsd"
packageId="bd552593-f9c8-4b54-8887-fb00b647c6f9"  system="http://gbif.org" scope="system"
xml:lang="en">

    <dataset>
            <alternateIdentifier>10.15468/brmbw2</alternateIdentifier>
                <alternateIdentifier>bd552593-f9c8-4b54-8887-fb00b647c6f9</alternateIdentifier>
                <alternateIdentifier>https://registry.nbnatlas.org/public/show/dr2249</alternateIdentifier>
                <alternateIdentifier>5afefd15-f024-3369-a741-15d3017d0812</alternateIdentifier>
        <title>NBMP Sunset-Sunrise Survey</title>
            <creator>
<organizationName>Bat Conservation Trust</organizationName>            <address>
<deliveryPoint>Quadrant House</deliveryPoint><city>250 Kennington Lane</city><administrativeArea>London</administrativeArea><postalCode>SE11 5RD</postalCode>            </address>
<phone>0345 1300 228</phone><electronicMailAddress>enquiries@bats.org.uk</electronicMailAddress><onlineUrl>http://www.bats.org.uk/</onlineUrl>            </creator>
            <metadataProvider>
<organizationName>Bat Conservation Trust</organizationName>            <address>
<deliveryPoint>Quadrant House</deliveryPoint><city>250 Kennington Lane</city><administrativeArea>London</administrativeArea><postalCode>SE11 5RD</postalCode>            </address>
<phone>0345 1300 228</phone><electronicMailAddress>enquiries@bats.org.uk</electronicMailAddress><onlineUrl>http://www.bats.org.uk/</onlineUrl>            </metadataProvider>
            <associatedParty>
<organizationName>NBN Atlas</organizationName>            <address>
<deliveryPoint>27 Old Gloucester St, Holborn</deliveryPoint><city>London</city><administrativeArea>London</administrativeArea><postalCode>WC1N 3AX</postalCode><country>UNITED_KINGDOM</country>            </address>
<electronicMailAddress>admin@nbnatlas.org</electronicMailAddress>            <role>DISTRIBUTOR</role>
            </associatedParty>
            <pubDate>
                2024-06-12
            </pubDate>
        <language>ENGLISH</language>
            <abstract>
                    <para>This dataset contains records from the Sunset/Sunrise Survey run by the Bat Conservation Trust as part of the National Bat Monitoring Programme. Volunteer surveyors spend the hour after sunset and/or the hour before sunrise in their garden or local open space looking for bats and other nocturnal animals. A visual guide is provided to help surveyors identify several of the more common bat species. Not all records are verified but volunteers are asked to indicate what method they used to identify the species from a dropdown list of bat species ID methods, and this will give some indication of the likely accuracy of the identification.
For more information please visit https://www.bats.org.uk/our-work/national-bat-monitoring-programme/surveys/sunset-sunrise-survey</para>
            </abstract>
            <intellectualRights>
                    <para>This work is licensed under a <ulink url="http://creativecommons.org/licenses/by/4.0/legalcode"><citetitle>Creative Commons Attribution (CC-BY) 4.0 License</citetitle></ulink>.</para>
            </intellectualRights>
            <distribution scope="document">
                <online>
                    <url function="information">https://registry.nbnatlas.org/public/show/dr2249</url>
                </online>
            </distribution>
            <purpose>
                <para>The Sunset/Sunrise Survey is an engagement survey designed to enable new volunteers to take part in a simple bat survey. It also provides valuable records of other nocturnal wildlife. More experienced volunteers also take part as it is an effective technique for locating bat roosts.</para>
            </purpose>
            <contact>
            <individualName>
<givenName>Philip</givenName>                    <surName>Briggs</surName>
            </individualName>
<electronicMailAddress>pbriggs@bats.org.uk</electronicMailAddress>            </contact>
            <methods>
                    <methodStep>
                        <description>
                            <para>Volunteer surveyors spend the hour after sunset and/or the hour before sunrise in their garden or local open space looking for bats and other nocturnal animals. A visual guide is provided to help surveyors identify several of the more common bat species. Bats are indentified in flight visually, with the optional aid of an ultrasonic bat detector.</para>
                        </description>
                    </methodStep>
                    <qualityControl>
                        <description>
                            <para>This dataset includes both verified and unverified records. Verified records have been checked by expert volunteer verifiers on behalf of Bat Conservation Trust and/or The Mammal Society. Records have been contributed by a range of recorders, some more experienced than others. Users of this data should ensure that they take this into account.</para>
                        </description>
                    </qualityControl>
            </methods>

    </dataset>

    <additionalMetadata>
        <metadata>
            <gbif>
                <dateStamp>2024-08-13T12:44:43Z</dateStamp>
                <citation>Bat Conservation Trust (2024). NBMP Sunset-Sunrise Survey. Occurrence dataset https://doi.org/10.15468/brmbw2 accessed via GBIF.org on 2024-08-13.</citation>
                    <resourceLogoUrl>https://registry.nbnatlas.org/data/dataProvider/BCT_Logo_Purple.png</resourceLogoUrl>
            </gbif>
        </metadata>
    </additionalMetadata>

</eml:eml>
